Gene,GeneDescription,Ensembl,gid,Reason,isoformOligos,geneOligos,maxLengthOligos,FPKM,GeneSource,length,max length,Rank (lower is better),TranscriptId,Include for technical reasons,"Made the cut! (<=0 didn't, 1 did, 2 error correct)",
CAMK4,calcium/calmodulin dependent protein kinase IV,ENSG00000152495,814,Ca Depende Response,151,178,206,0.067661,kegg,12229,12229,2,ENST00000282356.8,1,1,
BEST1,bestrophin 1 isoform 1,ENSG00000167995,7439,Ca Dependent Response,23,78,167,17.82049,meyer,2729,5765,1,ENST00000378043.8,1,1,
CABIN1,calcineurin binding protein 1,ENSG00000099991,23523,Ca Dependent Response,6,181,211,3.617336,meyer,7443,7443,1,ENST00000398319.6,1,1,
CALM1,"calmodulin 1 (phosphorylase kinase, delta)",ENSG00000198668,801,Ca Dependent Response,11,27,105,34.88995,kegg,1415,4236,1,ENST00000553630.1,1,2,
CALM2,calmodulin 2,ENSG00000143933,805,Ca Dependent Response,10,18,79,163.031113,meyer,999,4497,1,ENST00000432899.5,1,1,
CALM3,"calmodulin 3 (phosphorylase kinase, delta)",ENSG00000160014,808,Ca Dependent Response,51,67,72,41.791321,kegg,2533,2533,1,ENST00000486500.1,1,2,
CALML3,calmodulin like 3,ENSG00000178363,810,Ca Dependent Response,59,59,72,1.003533,kegg,2762,2762,1,ENST00000315238.2,1,1,
CALML4,calmodulin like 4,ENSG00000129007,91860,Ca Dependent Response,1,4,112,0.672889,kegg,982,4599,1,ENST00000467889.1,1,1,
CAMK1,calcium/calmodulin-dependent protein kinase I,ENSG00000134072,8536,Ca Dependent Response,4,31,39,1.159784,meyer,1476,1484,1,ENST00000256460.7,0,,
CAMK1D,calcium/calmodulin-dependent protein kinase ID isoform 1,ENSG00000183049,57118,Ca Dependent Response,186,186,223,0.047269,meyer,8142,8142,2,ENST00000619168.4,1,1,
CAMK2B,calcium/calmodulin dependent protein kinase II beta,ENSG00000058404,816,Ca Dependent Response,18,18,109,5.525406,kegg,862,4423,1,ENST00000425809.5,1,1,
CAMK2D,calcium/calmodulin dependent protein kinase II delta,ENSG00000145349,817,Ca Dependent Response,1,41,121,2.774403,kegg,1479,5802,1,ENST00000514328.5,1,1,
CAMK2G,calcium/calmodulin dependent protein kinase II gamma,ENSG00000148660,818,Ca Dependent Response,1,96,96,2.580527,kegg,3544,3802,1,ENST00000351293.7,1,1,
CAMK2N1,calcium/calmodulin-dependent protein kinase II inhibitor 1,ENSG00000162545,55450,Ca Dependent Response,31,31,41,25.05077,meyer,2334,2334,1,ENST00000375078.3,0,,
CAMK2N2,CaM-KII inhibitory protein,ENSG00000163888,94032,Ca Dependent Response,19,19,24,1.194619,meyer,1360,1360,1,ENST00000296238.3,0,,
CAMKK1,calcium/calmodulin-dependent protein kinase 1 alpha isoform b,ENSG00000004660,84254,Ca Dependent Response,81,81,118,3.640203,meyer,3547,3890,1,ENST00000348335.6,1,1,
CAMKK2,calcium/calmodulin-dependent protein kinase kinase 2 beta isoform 6,ENSG00000110931,10645,Ca Dependent Response,87,125,125,7.381094,meyer,5160,5581,1,ENST00000538733.5,1,1,
CAPN1,"calpain 1, large subunit",ENSG00000014216,823,Ca Dependent Response,65,65,85,149.208572,meyer,2770,3065,1,ENST00000533129.5,1,0,
CAPN2,calpain 2 isoform 1,ENSG00000162909,824,Ca Dependent Response,75,75,113,229.635193,meyer,3552,4121,1,ENST00000295006.5,1,0,
CAPNS1,"calpain, small subunit 1",ENSG00000126247,826,Ca Dependent Response,2,18,48,75.439285,meyer,606,1907,1,ENST00000586851.5,0,,
CASK,calcium/calmodulin-dependent serine protein kinase isoform 3,ENSG00000147044,8573,Ca Dependent Response,3,39,204,3.60178,meyer,2007,8179,1,ENST00000378168.6,1,1,
CBY1,"PKD2 interactor, golgi and endoplasmic reticulum associated 1 isoform b",ENSG00000100211,25776,Ca Dependent Response,33,33,38,9.648519,meyer,1113,1263,1,ENST00000619293.1,0,,
CERK,ceramide kinase,ENSG00000100422,64781,Ca Dependent Response,99,99,115,7.85173,meyer,4437,4437,1,ENST00000216264.12,1,0.5,
DUOX1,dual oxidase 1 precursor,ENSG00000137857,53905,Ca Dependent Response,10,125,165,1.503723,meyer,4515,5703,1,ENST00000561166.1,1,0,
MCTP2,"multiple C2 domains, transmembrane 2 isoform 1",ENSG00000140563,55784,Ca Dependent Response,160,160,172,3.399152,meyer,7533,7533,3,ENST00000357742.8,1,0.5,#REF!
NCS1,frequenin homolog isoform 2,ENSG00000107130,23413,Ca Dependent Response,112,112,130,13.108152,meyer,4983,4983,1,ENST00000372398.5,1,1,
PICK1,protein interacting with C kinase 1,ENSG00000100151,9463,Ca Dependent Response,41,59,66,5.532449,meyer,2519,2519,1,ENST00000484021.5,1,0.5,
PKN1,protein kinase N1 isoform 2,ENSG00000123143,5585,Ca Dependent Response,2,9,77,9.891822,meyer,842,3499,1,ENST00000590097.5,1,0.5,
PKN2,protein kinase N2,ENSG00000065243,5586,Ca Dependent Response,95,95,110,11.638957,meyer,6099,6099,1,ENST00000370521.7,1,0.5,
PKN3,protein kinase PKNbeta,ENSG00000160447,29941,Ca Dependent Response,61,61,78,2.229502,meyer,3353,3353,1,ENST00000291906.4,1,0.5,
PPM1A,protein phosphatase 1A isoform 2,ENSG00000100614,5494,Ca Dependent Response,29,52,124,2.16482,meyer,4121,8178,1,ENST00000325658.3,1,0.5,
PPM1B,protein phosphatase 1B isoform 4,ENSG00000138032,5495,Ca Dependent Response,23,56,72,5.461153,meyer,3871,3871,1,ENST00000378551.6,1,0.5,
PPM1D,protein phosphatase 1D,ENSG00000170836,8493,Ca Dependent Response,3,57,103,2.721668,meyer,2989,4772,1,ENST00000392995.7,1,0.5,
PPM1F,protein phosphatase 1F,ENSG00000100034,9647,Ca Dependent Response,80,102,102,10.346896,meyer,5135,5581,1,ENST00000263212.9,1,0,
PPM1J,protein phosphatase 1J (PP2C domain containing),ENSG00000155367,333926,Ca Dependent Response,28,28,60,0.631245,meyer,1853,2463,3,ENST00000309276.10,0,,
PPM1K,protein phosphatase 1K (PP2C domain containing),ENSG00000163644,152926,Ca Dependent Response,87,87,130,2.187862,meyer,6477,6477,1,ENST00000608933.5,1,0.5,
PPP1CA,"protein phosphatase 1, catalytic subunit, alpha isoform 3",ENSG00000172531,5499,Ca Dependent Response,1,28,40,80.561516,meyer,1048,1671,1,ENST00000358239.8,0,,
PPP1CB,"protein phosphatase 1, catalytic subunit, beta isoform 1",ENSG00000213639,5500,Ca Dependent Response,0,55,71,23.25989,meyer,4762,4885,1,ENST00000358506.6,1,1,
PPP1CC,"protein phosphatase 1, catalytic subunit, gamma isoform",ENSG00000186298,5501,Ca Dependent Response,29,42,70,38.946514,meyer,2552,2793,1,ENST00000335007.9,1,0,
PPP2CA,"protein phosphatase 2, catalytic subunit, alpha isoform",ENSG00000113575,5515,Ca Dependent Response,77,77,91,52.357147,meyer,4642,4642,1,ENST00000481195.5,1,1,
PPP2CB,"protein phosphatase 2, catalytic subunit, beta isoform",ENSG00000104695,5516,Ca Dependent Response,23,31,35,49.068386,meyer,1999,1999,1,ENST00000221138.8,0,,
PPP3CA,protein phosphatase 3 catalytic subunit alpha,ENSG00000138814,5530,Ca Dependent Response,61,61,61,19.097113,kegg,3591,4671,1,ENST00000394853.8,0,,
PPP3CB,protein phosphatase 3 catalytic subunit beta,ENSG00000107758,5532,Ca Dependent Response,17,42,67,8.582718,kegg,2406,3487,1,ENST00000342558.3,1,0.5,
PPP3CC,protein phosphatase 3 catalytic subunit gamma,ENSG00000120910,5533,Ca Dependent Response,2,41,47,7.830334,kegg,2122,2175,1,ENST00000289963.12,0,,
PPP3R1,"protein phosphatase 3 regulatory subunit B, alpha",ENSG00000221823,5534,Ca Dependent Response,43,43,54,28.627268,kegg,3017,3017,1,ENST00000234310.7,0,,
PPP4C,"protein phosphatase 4, catalytic subunit",ENSG00000149923,5531,Ca Dependent Response,21,32,32,47.786648,meyer,1325,1481,1,ENST00000561610.1,0,,
PPP5C,"protein phosphatase 5, catalytic subunit",ENSG00000011485,5536,Ca Dependent Response,47,47,117,44.203026,meyer,2096,4669,1,ENST00000012443.8,1,1,
PPP6C,"protein phosphatase 6, catalytic subunit isoform a",ENSG00000119414,5537,Ca Dependent Response,62,62,81,12.716357,meyer,4111,4341,1,ENST00000373547.8,1,0,
PRKCA,protein kinase C alpha,ENSG00000154229,5578,Ca Dependent Response,222,222,245,2.181988,kegg,8734,8734,1,ENST00000413366.7,1,1,
PRKCD,"protein kinase C, delta",ENSG00000163932,5580,Ca Dependent Response,69,69,72,12.474736,meyer,2661,2792,1,ENST00000330452.7,1,1,
PRKCE,"protein kinase C, epsilon",ENSG00000171132,5581,Ca Dependent Response,114,125,140,1.491529,meyer,5635,5635,1,ENST00000306156.7,1,0.5,
PRKCH,"protein kinase C, eta",ENSG00000027075,5583,Ca Dependent Response,2,76,88,1.93663,meyer,2918,3568,1,ENST00000555082.5,1,0.5,
PRKCI,"protein kinase C, iota",ENSG00000163558,5584,Ca Dependent Response,72,72,86,8.072206,meyer,4932,4932,1,ENST00000295797.4,1,0.5,
PRKCQ,"protein kinase C, theta",ENSG00000065675,5588,Ca Dependent Response,89,89,96,0.967249,meyer,3267,3267,1,ENST00000263125.9,1,0.5,
PRKCZ,"protein kinase C, zeta isoform 1",ENSG00000067606,5590,Ca Dependent Response,58,58,61,6.411611,meyer,2308,2308,1,ENST00000378567.7,0,,
PRKD2,protein kinase D2 isoform A,ENSG00000105287,25865,Ca Dependent Response,3,8,85,9.335854,meyer,667,3302,1,ENST00000593363.1,1,0.5,
PRKD3,protein kinase D3,ENSG00000115825,23683,Ca Dependent Response,101,115,124,4.84052,meyer,6092,6092,1,ENST00000379066.5,1,0.5,
RCAN1,calcipressin 1 isoform b,ENSG00000159200,1827,Ca Dependent Response,46,46,46,6.025117,meyer,2486,2811,3,ENST00000313806.8,0,,
RCAN3,Down syndrome critical region gene 1-like 2,ENSG00000117602,11123,Ca Dependent Response,101,106,133,1.550944,meyer,6797,6797,3,ENST00000374395.8,1,0,
TECPR1,tectonin beta-propeller repeat containing 1,ENSG00000205356,25851,Ca Dependent Response,121,121,158,1.621057,meyer,6538,6538,1,ENST00000447648.6,1,0,
TECPR2,tectonin beta-propeller repeat containing 2,ENSG00000196663,9895,Ca Dependent Response,102,201,226,1.078498,meyer,8666,8666,1,ENST00000359520.11,1,0,
ATP2B1,ATPase plasma membrane Ca2+ transporting 1 (PMCA1),ENSG00000070961,490,Ca/Cyto,113,113,134,5.881694,kegg,7011,7011,1,ENST00000428670.7,1,2,
ATP2B4,ATPase plasma membrane Ca2+ transporting 4 (PMCA4),ENSG00000058668,493,Ca/Cyto,143,143,248,3.374694,kegg,4637,8947,1,ENST00000341360.6,1,2,
ATP2C1,calcium-transporting ATPase 2C1 isoform 1c,ENSG00000017260,27032,Ca/Cyto,1,83,102,4.680715,meyer,3373,5039,1,ENST00000359644.7,1,1,
NUCB1,nucleobindin 1 precursor,ENSG00000104805,4924,Ca/Cyto,5,23,74,33.554173,meyer,875,2655,1,ENST00000424608.1,1,1,
PKD1,polycystin 1 isoform 2 precursor,ENSG00000008710,5310,Ca/Cyto,0,103,276,1.089262,meyer,14092,14092,1,ENST00000262304.8,1,1,
PKD2,polycystin 2,ENSG00000118762,5311,Ca/Cyto,90,90,100,2.122678,meyer,5041,5041,1,ENST00000237596.6,1,1,
TRPC1,"transient receptor potential cation channel, subfamily C, member 1",ENSG00000144935,7220,Ca/Cyto,15,61,69,0.718028,meyer,4312,4312,3,ENST00000273482.10,1,1,
TRPC4AP,TRPC4-associated protein isoform b,ENSG00000100991,26133,Ca/Cyto,80,80,90,37.227726,meyer,3119,3207,1,ENST00000451813.6,1,1,
ATP2A1,ATPase sarcoplasmic/endoplasmic reticulum Ca2+ transporting 1,ENSG00000196296,487,Ca/ER,4,4,106,0.119601,kegg,193,3513,,ENST00000564112.1,1,2,
ATP2A2,ATPase sarcoplasmic/endoplasmic reticulum Ca2+ transporting 2,ENSG00000174437,488,Ca/ER,96,96,96,45.173199,kegg,4074,5682,1,ENST00000539276.6,1,2,
CCDC47,coiled-coil domain containing 47 precursor,ENSG00000108588,57003,Ca/ER,65,65,73,29.593626,meyer,3453,3453,1,ENST00000225726.9,1,1,
HOMER1,homer 1,ENSG00000152413,9456,Ca/ER,86,86,98,5.049141,meyer,5872,5872,1,ENST00000334082.10,1,1,
HOMER2,homer 2 isoform 3,ENSG00000103942,9455,Ca/ER,1,50,218,4.367193,meyer,1941,10339,1,ENST00000450735.6,1,1,
HOMER3,"Homer, neuronal immediate early gene, 3 isoform 2",ENSG00000051128,9454,Ca/ER,10,27,47,24.960066,meyer,1547,1970,2,ENST00000392351.7,0,,
ORAI1,ORAI calcium release-activated calcium modulator 1,ENSG00000276045,84876,Ca/ER,37,37,50,11.301392,kegg,2136,2136,1,ENST00000617316.1,0,0.75,
ORAI2,ORAI calcium release-activated calcium modulator 2,ENSG00000160991,80228,Ca/ER,28,41,41,0.56816,kegg,2525,10807,1,ENST00000403646.7,0,0.75,
ORAI3,ORAI calcium release-activated calcium modulator 3,ENSG00000175938,93129,Ca/ER,35,37,55,1.303743,kegg,2204,2204,1,ENST00000318663.4,0,0.75,
RCN1,reticulocalbin 1 precursor,ENSG00000049449,5954,Ca/ER,25,25,59,30.375891,meyer,2566,2651,2,ENST00000054950.3,0,,
RCN2,reticulocalbin 2 precursor,ENSG00000117906,5955,Ca/ER,79,79,117,10.852633,meyer,6340,6340,1,ENST00000394885.7,1,1,
RYR1,ryanodine receptor 1,ENSG00000196218,6261,Ca/ER,10,10,415,0.654995,kegg,429,15272,1,ENST00000593677.1,1,1,
RYR3,ryanodine receptor 3,ENSG00000198838,6263,Ca/ER,64,65,65,0.15364,kegg,3145,15487,1,ENST00000637072.1,1,1,
STIM1,stromal interaction molecule 1,ENSG00000167323,6786,Ca/ER,4,32,123,3.869709,kegg,1207,4344,1,ENST00000526596.1,1,2,
STIM2,stromal interaction molecule 2,ENSG00000109689,57620,Ca/ER,0,46,94,1.295756,kegg,,5142,1,ENST00000639640.1,1,2,
MCU,mitochondrial calcium uniporter,ENSG00000156026,90550,Ca/Mito,63,63,79,10.510414,kegg,2941,3216,1,ENST00000373053.7,1,1,
MICU1,calcium binding atopy-related autoantigen 1,ENSG00000107745,10367,Ca/Mito,0,64,73,5.211482,meyer,2371,2476,1,ENST00000361114.9,1,1,
MICU2,"EF-hand domain family, member A1",ENSG00000165487,221154,Ca/Mito,21,21,23,25.158855,meyer,1908,1908,1,ENST00000382374.8,0,,
SLC24A1,"solute carrier family 24 (sodium/potassium/calcium exchanger), member 1",ENSG00000074621,9187,Ca/Mito,76,157,158,0.756629,meyer,5466,5758,1,ENST00000434116.6,1,1,
SLC25A13,"solute carrier family 25, member 13 isoform 2",ENSG00000004864,10165,Ca/Mito,69,69,79,26.796972,meyer,3118,3174,1,ENST00000265631.9,1,1,
SLC25A25,"solute carrier family 25, member 25 isoform d",ENSG00000148339,114789,Ca/Mito,73,73,73,3.29808,meyer,3421,3703,1,ENST00000373068.6,1,1,
SLC8B1,solute carrier family 24 member 6 precursor,ENSG00000089060,80024,Ca/Mito,18,48,94,3.438228,meyer,2048,3272,1,ENST00000548477.5,1,1,
VDAC1,voltage dependent anion channel 1,ENSG00000213585,7416,Ca/Mito,1,42,49,182.875519,kegg,1864,1944,1,ENST00000395047.6,0,,
VDAC2,voltage dependent anion channel 2,ENSG00000165637,7417,Ca/Mito,0,25,36,47.690155,kegg,1547,1547,1,ENST00000332211.10,0,,
BIRC5,baculoviral IAP repeat containing 5,ENSG00000089685,332,cell cycle,55,60,67,10.15606,G2/M,2626,2706,1,ENST00000350051.7,1,1,
BRCA1,"BRCA1, DNA repair associated",ENSG00000012048,672,cell cycle,26,87,172,3.781972,S phase,3646,7071,1,ENST00000352993.7,1,0,
BRCA2,"BRCA2, DNA repair associated",ENSG00000139618,675,cell cycle,156,156,203,1.959235,ND,11959,11959,1,ENST00000380152.7,1,0,
BUB1,BUB1 mitotic checkpoint serine/threonine kinase,ENSG00000169679,699,cell cycle,0,61,87,15.645716,G2/M,2481,3552,1,ENST00000466333.5,1,0,
BUB1B,BUB1 mitotic checkpoint serine/threonine kinase B,ENSG00000156970,701,cell cycle,88,88,98,14.58224,G2/M,3702,3702,1,ENST00000287598.10,1,1,
CCNA2,cyclin A2,ENSG00000145386,890,cell cycle,40,40,40,64.32901,G2,2789,2789,1,ENST00000618014.1,0,,
CCNB1,cyclin B1,ENSG00000134057,891,cell cycle,29,46,53,95.831779,G2/M,2160,2160,1,ENST00000256442.9,0,,
CCNB2,cyclin B2,ENSG00000157456,9133,cell cycle,35,35,71,53.08408,G2/M,1547,2495,1,ENST00000288207.6,1,0,
CCNE1,cyclin E1,ENSG00000105173,898,cell cycle,1,29,48,6.040914,G1/S,1078,2031,1,ENST00000576532.1,0,,
CCNE2,cyclin E2,ENSG00000175305,9134,cell cycle,11,45,51,2.398514,G1/S,3318,3318,1,ENST00000520509.5,0,,
CCNF,cyclin F,ENSG00000162063,899,cell cycle,100,100,122,12.62084,G2,4266,4266,1,ENST00000397066.8,1,1,
CDC2,cyclin dependent kinase 1,ENSG00000170312,983,cell cycle,0,0,0,34.105686,G2,1905,1940,1,ENST00000395284.7,0,,
CDC20,cell division cycle 20,ENSG00000117399,991,cell cycle,44,44,50,142.545059,G2/M,1664,1767,1,ENST00000310955.10,0,,
CDC25A,cell division cycle 25A,ENSG00000164045,993,cell cycle,1,90,101,5.272085,G1/S,3649,3768,1,ENST00000351231.7,1,0,
CDC25B,cell division cycle 25B,ENSG00000101224,994,cell cycle,2,41,94,93.129227,G2/M,1963,3581,1,ENST00000340833.4,1,0,
CDC25C,cell division cycle 25C,ENSG00000158402,995,cell cycle,1,21,61,5.579374,G2,767,2114,1,ENST00000514017.1,0,,
CDC45L,cell division cycle 45,ENSG00000093009,8318,cell cycle,0,0,0,17.821062,S phase,1675,2070,1,ENST00000404724.7,0,,
CDC6,cell division cycle 6,ENSG00000094804,990,cell cycle,2,15,134,14.404514,G1/S,538,4798,1,ENST00000577249.1,1,0,
"CDKN1A, p21",cyclin dependent kinase inhibitor 1A,ENSG00000124762,1026,cell cycle,0,0,0,63.608627,ND,2264,2264,1,ENST00000405375.5,0,,
CDKN2C,cyclin dependent kinase inhibitor 2C,ENSG00000123080,1031,cell cycle,23,39,57,7.192264,G2,2083,2900,1,ENST00000396148.1,0,,
"CDKN2D, p19",cyclin dependent kinase inhibitor 2D,ENSG00000129355,1032,cell cycle,0,0,0,4.136991,G2/M,1083,1420,1,ENST00000335766.2,0,,
CDKN3,cyclin dependent kinase inhibitor 3,ENSG00000100526,1033,cell cycle,1,16,25,12.270333,M/G1,837,1064,1,ENST00000458126.6,0,,
CENPA,centromere protein A,ENSG00000115163,1058,cell cycle,4,16,27,11.432107,G2/M,739,1447,1,ENST00000460030.1,0,,
CENPF,centromere protein F,ENSG00000117724,1063,cell cycle,213,213,239,31.269495,G2/M,10287,10287,1,ENST00000366955.7,1,0,
CKS2,CDC28 protein kinase regulatory subunit 2,ENSG00000123975,1164,cell cycle,11,11,13,211.287735,G2/M,610,610,1,ENST00000314355.6,0,,
DHFR,dihydrofolate reductase,ENSG00000228716,1719,cell cycle,48,67,83,16.102789,S phase,3911,3911,1,ENST00000439211.6,1,1,
E2F1,E2F transcription factor 1,ENSG00000101412,1869,cell cycle,54,54,58,10.511994,G1/S,2496,2496,1,ENST00000343380.5,0,,
E2F5,E2F transcription factor 5,ENSG00000133740,1875,cell cycle,2,28,92,2.918415,G2/M,1882,5034,1,ENST00000418930.6,1,0,
MCM2,minichromosome maintenance complex component 2,ENSG00000073111,4171,cell cycle,23,87,104,21.409319,G1/S,3606,3606,1,ENST00000265056.11,1,0,
MCM6,minichromosome maintenance complex component 6,ENSG00000076003,4175,cell cycle,85,85,92,35.55595,G1/S,3719,3719,1,ENST00000264156.2,1,0,
MSH2,mutS homolog 2,ENSG00000095002,4436,cell cycle,57,57,89,12.944777,G1/S,3007,3612,1,ENST00000543555.5,1,1,
NASP,nuclear autoantigenic sperm protein,ENSG00000132780,4678,cell cycle,1,25,91,14.71684,G1/S,929,3650,1,ENST00000531612.5,1,0,
PCNA,proliferating cell nuclear antigen,ENSG00000132646,5111,cell cycle,27,27,31,250.454224,G1/S,1338,1352,1,ENST00000379143.9,0,,
PLK,polo like kinase 1,ENSG00000166851,5347,cell cycle,0,0,0,54.750069,G2/M,2217,4126,1,ENST00000300093.8,0,,
RRM1,ribonucleotide reductase catalytic subunit M1,ENSG00000167325,6240,cell cycle,2,57,84,27.944452,S phase,2368,3146,1,ENST00000533495.5,1,0,
RRM2,ribonucleotide reductase regulatory subunit M2,ENSG00000171848,6241,cell cycle,1,57,73,22.507002,S phase,3663,3663,1,ENST00000360566.6,1,1,
SLBP,stem-loop binding protein,ENSG00000163950,7884,cell cycle,1,21,33,18.702293,G1/S,980,1969,1,ENST00000488267.5,0,,
STK15,aurora kinase A,ENSG00000087586,6790,cell cycle,0,0,0,27.414814,G2/M,1894,2239,1,ENST00000395907.5,0,,
TOP2A,topoisomerase (DNA) II alpha,ENSG00000131747,7153,cell cycle,104,104,128,66.975395,G2,5723,5723,1,ENST00000423485.5,1,0,
TYMS,thymidylate synthetase,ENSG00000176890,7298,cell cycle,6,35,37,33.444309,S phase,1655,1655,1,ENST00000323274.14,0,,
DGKA,"diacylglycerol kinase, alpha 80kDa",ENSG00000065357,1606,IP3/DAG,6,50,173,12.248533,meyer,1716,5420,1,ENST00000553084.5,1,1,
DGKD,"diacylglycerol kinase, delta 130kDa isoform 1",ENSG00000077044,8527,IP3/DAG,144,146,170,5.221056,meyer,6199,6267,1,ENST00000409813.7,1,0,
DGKE,diacylglycerol kinase epsilon,ENSG00000153933,8526,IP3/DAG,62,124,157,0.884683,meyer,8648,8648,1,ENST00000284061.7,1,0,
DGKH,"diacylglycerol kinase, eta isoform 1",ENSG00000102780,160851,IP3/DAG,13,15,320,1.064091,meyer,775,17232,1,ENST00000611224.1,1,0,
DGKQ,"diacylglycerol kinase, theta",ENSG00000145214,1609,IP3/DAG,66,72,94,4.013451,meyer,4340,4613,1,ENST00000509465.5,1,0,
DGKZ,diacylglycerol kinase zeta isoform 4,ENSG00000149091,8525,IP3/DAG,30,53,148,18.851196,meyer,2831,5711,1,ENST00000421244.6,1,1,
INPP1,inositol polyphosphate-1-phosphatase,ENSG00000151689,3628,IP3/DAG,0,42,54,2.553182,meyer,1913,2155,1,ENST00000322522.8,0,0.75,
INPP4A,"inositol polyphosphate-4-phosphatase, type 1 isoform d",ENSG00000040933,3631,IP3/DAG,136,136,249,2.894517,meyer,6726,9970,1,ENST00000074304.9,1,0.5,
INPP4B,"inositol polyphosphate-4-phosphatase, type II, 105kD",ENSG00000109452,8821,IP3/DAG,2,53,162,4.625366,meyer,2247,8804,1,ENST00000511838.5,1,0.5,
INPP5A,inositol polyphosphate-5-phosphatase A,ENSG00000068383,3632,IP3/DAG,31,59,67,4.272985,meyer,2951,2951,1,ENST00000368594.7,1,1,
INPP5B,"inositol polyphosphate-5-phosphatase, 75kDa precursor",ENSG00000204084,3633,IP3/DAG,95,95,95,2.091267,meyer,3887,4670,1,ENST00000373027.5,1,1,
INPP5D,SH2 containing inositol phosphatase isoform a,ENSG00000168918,3635,IP3/DAG,95,95,153,17.077784,meyer,3611,5247,1,ENST00000415617.5,1,1,
INPP5E,inositol polyphosphate-5-phosphatase E,ENSG00000148384,56623,IP3/DAG,50,50,95,5.618421,meyer,3384,4310,1,ENST00000371712.3,1,1,
INPP5F,inositol polyphosphate-5-phosphatase F,ENSG00000198825,22876,IP3/DAG,105,105,120,5.163973,meyer,5043,5043,1,ENST00000361976.6,1,1,
INPP5J,"phosphatidylinositol (4,5) bisphosphate 5-phosphatase, A",ENSG00000185133,27124,IP3/DAG,0,35,91,0.062577,meyer,1606,3498,,ENST00000404453.5,1,1,
INPP5K,inositol polyphosphate-5-phosphatase K isoform 2,ENSG00000132376,51763,IP3/DAG,56,76,94,4.211836,meyer,2867,3180,1,ENST00000320345.10,1,1,
INPPL1,inositol polyphosphate phosphatase-like 1,ENSG00000165458,3636,IP3/DAG,18,108,118,8.793538,meyer,4705,4705,1,ENST00000298229.6,1,0.5,
ITPK1,"inositol 1,3,4-triphosphate 5/6 kinase isoform b",ENSG00000100605,3705,IP3/DAG,51,65,163,39.452518,meyer,3026,6055,1,ENST00000555495.5,1,1,
ITPKA,inositol-trisphosphate 3-kinase A,ENSG00000137825,3706,IP3/DAG,27,27,35,0.220405,kegg,1817,1817,1,ENST00000260386.6,0,1.5,
ITPKB,inositol-trisphosphate 3-kinase B,ENSG00000143772,3707,IP3/DAG,132,132,158,5.83825,kegg,5815,6154,1,ENST00000272117.7,1,1,
ITPKC,inositol-trisphosphate 3-kinase C,ENSG00000086544,80271,IP3/DAG,80,80,94,16.511971,kegg,3378,3378,1,ENST00000263370.2,1,1,
ITPR1,"inositol 1,4,5-trisphosphate receptor type 1",ENSG00000150995,3708,IP3/DAG,257,257,282,0.617211,kegg,10180,10180,1,ENST00000354582.10,1,1,
ITPR2,"inositol 1,4,5-trisphosphate receptor type 2",ENSG00000123104,3709,IP3/DAG,229,229,263,2.44994,kegg,11348,11348,1,ENST00000381340.7,1,2,
ITPR3,"inositol 1,4,5-trisphosphate receptor type 3",ENSG00000096433,3710,IP3/DAG,233,233,272,27.775568,kegg,8971,9811,1,ENST00000605930.2,1,2,
ITPRIP,"inositol 1,4,5-triphosphate receptor interacting protein precursor",ENSG00000148841,85450,IP3/DAG,99,99,199,14.609516,meyer,4091,6804,1,ENST00000337478.2,1,2,
ITPRIPL2,"inositol 1,4,5-triphosphate receptor interacting protein-like 2 precursor",ENSG00000205730,162073,IP3/DAG,124,124,163,7.041617,meyer,7246,7246,1,ENST00000381440.4,1,2,
OCRL,phosphatidylinositol polyphosphate 5-phosphatase isoform b,ENSG00000122126,4952,IP3/DAG,1,133,141,4.233871,meyer,5115,5138,1,ENST00000357121.5,1,1,
PI4K2A,phosphatidylinositol 4-kinase type 2 alpha,ENSG00000155252,55361,IP3/DAG,106,106,113,10.11644,meyer,4180,4180,1,ENST00000370631.3,1,0,
PI4K2B,phosphatidylinositol 4-kinase type 2 beta,ENSG00000038210,55300,IP3/DAG,39,39,44,15.762391,meyer,3530,3530,1,ENST00000264864.7,0,,
PI4KA,phosphatidylinositol 4-kinase type 3 alpha isoform 2,ENSG00000241973,5297,IP3/DAG,166,166,203,7.211782,meyer,6697,6697,1,ENST00000255882.10,1,0.5,
PI4KB,catalytic phosphatidylinositol 4-kinase beta,ENSG00000143393,5298,IP3/DAG,10,114,117,4.419943,meyer,3970,3970,1,ENST00000368875.6,1,0.5,
PIKFYVE,phosphatidylinositol-3-phosphate 5-kinase type III isoform 3,ENSG00000115020,200576,IP3/DAG,211,211,231,3.55994,meyer,9859,9859,1,ENST00000264380.8,1,0.5,
PIP4K2A,1-phosphatidylinositol-5-phosphate 4-kinase A,ENSG00000150867,5305,IP3/DAG,72,72,81,6.256403,meyer,3792,3792,1,ENST00000376573.8,1,1,
PIP4K2B,1-phosphatidylinositol-5-phosphate 4-kinase B,ENSG00000276293,8396,IP3/DAG,138,138,157,10.682042,meyer,5724,5724,1,ENST00000619039.4,1,1,
PIP4K2C,1-phosphatidylinositol-5-phosphate 4-kinase C isoform a,ENSG00000166908,79837,IP3/DAG,2,39,86,6.574979,meyer,1522,2914,1,ENST00000550465.5,1,1,
PIP5K1A,"phosphatidylinositol-4-phosphate 5-kinase, type I, alpha isoform 4",ENSG00000143398,8394,IP3/DAG,3,14,107,5.374306,meyer,504,3752,1,ENST00000486048.2,1,1,
PIP5K1C,"phosphatidylinositol-4-phosphate 5-kinase, type I, gamma",ENSG00000186111,23396,IP3/DAG,86,86,112,10.699641,meyer,5062,5062,1,ENST00000335312.7,1,1,
PLCB2,phospholipase C beta 2,ENSG00000137841,5330,IP3/DAG,34,34,129,0.444324,kegg,1635,4614,1,ENST00000559381.5,1,2,
PLCB3,phospholipase C beta 3,ENSG00000149782,5331,IP3/DAG,23,102,117,20.105455,kegg,4437,4437,1,ENST00000540288.5,1,2,
PLCD3,phospholipase C delta 3,ENSG00000161714,113026,IP3/DAG,120,120,160,9.757632,kegg,6092,6092,1,ENST00000619929.4,1,2,
PLCE1,phospholipase C epsilon 1,ENSG00000138193,51196,IP3/DAG,261,261,302,0.149759,kegg,11992,11992,1,ENST00000371380.7,1,2,
PLCG1,phospholipase C gamma 1,ENSG00000124181,5335,IP3/DAG,57,200,215,4.123507,kegg,7363,7363,1,ENST00000373271.5,1,2,
PLCG2,phospholipase C gamma 2,ENSG00000197943,5336,IP3/DAG,97,206,226,0.273255,kegg,8674,8674,1,ENST00000564138.5,1,2,
PLCH1,phospholipase C eta 1 isoform c,ENSG00000114805,23007,IP3/DAG,158,158,169,0.099584,meyer,6390,6390,1,ENST00000460012.5,1,1,
PLCH2,"phospholipase C, eta 2",ENSG00000149527,9651,IP3/DAG,6,10,129,4.112549,meyer,564,6982,1,ENST00000609981.5,1,2,
PLCXD1,"phosphatidylinositol-specific phospholipase C, X domain containing 1",ENSG00000182378,55344,IP3/DAG,0,90,147,0.729338,meyer,5279,5500,1,ENST00000399012.6,1,1,
PLPP1,phosphatidic acid phosphatase type 2A isoform 1,ENSG00000067113,8611,IP3/DAG,28,28,31,2.520689,meyer,1591,1591,1,ENST00000307259.8,0,,
PLPP2,phosphatidic acid phosphatase type 2C isoform 3,ENSG00000141934,8612,IP3/DAG,16,28,162,6.53477,meyer,1377,6452,1,ENST00000434325.6,1,0,
PLPP5,phosphatidic acid phosphatase type 2 domain containing 1B isoform 3,ENSG00000147535,84513,IP3/DAG,4,23,56,2.222589,meyer,868,2179,1,ENST00000531823.5,0,,
PLPP6,phosphatidic acid phosphatase type 2 domain containing 2,ENSG00000205808,403313,IP3/DAG,53,53,62,2.801367,meyer,2943,2943,1,ENST00000381883.3,0,,
SYNJ1,synaptojanin 1 isoform b,ENSG00000159082,8867,IP3/DAG,136,136,164,1.605424,meyer,6870,7061,1,ENST00000630077.2,1,0,
SYNJ2,synaptojanin 2,ENSG00000078269,8871,IP3/DAG,9,19,189,1.952791,meyer,495,7351,1,ENST00000367113.5,1,0,
SYNJ2BP,synaptojanin 2 binding protein,ENSG00000213463,55333,IP3/DAG,119,119,146,3.398195,meyer,7011,7011,1,ENST00000256366.5,1,0,
CD24,CD24 molecule,ENSG00000272398,100133941,mcf10a differentation,25,31,46,38.908447,mcf10a differentation,2178,2510,1,ENST00000606017.1,0,2,Maybe 2?
CD44,CD44 molecule (Indian blood group),ENSG00000026508,960,mcf10a differentation,56,103,112,50.6269,mcf10a differentation,4580,4580,1,ENST00000263398.10,1,1,
EpCAM,epithelial cell adhesion molecule,ENSG00000119888,4072,mcf10a differentation,0,107,29,20.253796,mcf10a differentation,4496,4913,1,ENST00000263735.8,0,2,Maybe 2?
ITGA6,integrin subunit alpha 6,ENSG00000091409,3655,mcf10a differentation,79,79,125,91.278839,mcf10a differentation,3367,5592,1,ENST00000442250.5,1,1,
KRT14,keratin 14,ENSG00000186847,3861,mcf10a differentation,38,38,46,2478.894775,mcf10a differentation,1654,1654,1,ENST00000167586.6,0,0,
KRT17,keratin 17,ENSG00000128422,3872,mcf10a differentation,2,15,53,503.280029,mcf10a differentation,691,1827,1,ENST00000463128.5,0,0,
KRT5,keratin 5,ENSG00000186081,3852,mcf10a differentation,48,60,73,1644.42749,mcf10a differentation,2522,2522,1,ENST00000252242.8,1,0,
GNA11,G protein subunit alpha 11,ENSG00000088256,2767,Receptor module,67,67,83,28.339584,kegg,4140,4140,1,ENST00000078429.8,1,2,
GNA15,G protein subunit alpha 15,ENSG00000060558,2769,Receptor module,41,41,54,56.038643,kegg,2126,2126,1,ENST00000262958.3,0,1,
GNAQ,G protein subunit alpha q,ENSG00000156052,2776,Receptor module,97,97,113,7.393384,kegg,6532,6532,1,ENST00000286548.8,1,2,
P2RX4,purinergic receptor P2X 4,ENSG00000135124,5025,Receptor module,45,45,45,0.612445,kegg,2020,4654,1,ENST00000337233.8,0,0.75,
P2RX5,purinergic receptor P2X 5,ENSG00000083454,5026,Receptor module,21,21,61,5.809885,kegg,848,2297,1,ENST00000552456.1,0,0.75,
ADCY1,adenylate cyclase 1 (brain),ENSG00000164742,107,,0,0,0,0.004697,kegg,12483,12483,,ENST00000297323.11,0,,
ADCY2,adenylate cyclase 2 (brain),ENSG00000078295,108,,0,0,0,0,kegg,6550,9903,,ENST00000338316.8,0,,
ADCY3,adenylate cyclase 3,ENSG00000138031,109,,2,42,141,7.31623,kegg,1793,5029,3,ENST00000435135.5,1,0,
ADCY4,adenylate cyclase 4,ENSG00000129467,196883,,0,0,0,0,kegg,3389,5257,,ENST00000310677.8,0,,
ADCY7,adenylate cyclase 7,ENSG00000121281,113,,94,136,136,1.322497,kegg,6113,6187,3,ENST00000254235.7,1,0,
ADCY8,adenylate cyclase 8 (brain),ENSG00000155897,114,,0,0,0,0,kegg,5920,5920,,ENST00000286355.9,0,,
ADCY9,adenylate cyclase 9,ENSG00000162104,115,,166,166,193,3.363681,kegg,7714,7714,3,ENST00000294016.7,1,0,
ADORA2B,adenosine A2b receptor,ENSG00000170425,136,,34,34,48,15.224252,kegg,1733,1874,9,ENST00000304222.2,0,,
ADRA1A,adrenoceptor alpha 1A,ENSG00000120907,148,,0,0,0,0,kegg,2301,2545,,ENST00000380586.5,0,,
ADRA1B,adrenoceptor alpha 1B,ENSG00000170214,147,,37,37,42,0.010138,kegg,1736,1736,3,ENST00000306675.3,0,,
ADRA1D,adrenoceptor alpha 1D,ENSG00000171873,146,,42,42,51,0.012917,kegg,2726,2726,3,ENST00000379453.5,0,,
ADRB1,adrenoceptor beta 1,ENSG00000043591,153,,38,38,50,0.094281,kegg,2852,2852,9,ENST00000369295.3,0,,
ADRB2,adrenoceptor beta 2,ENSG00000169252,154,,77,77,87,8.7659,kegg,3442,3442,3,ENST00000305988.5,1,0,
ADRB3,adrenoceptor beta 3,ENSG00000188778,155,,0,0,0,0,kegg,2948,2948,,ENST00000345060.4,0,,
AGTR1,angiotensin II receptor type 1,ENSG00000144891,185,,0,0,0,0,kegg,2357,2357,,ENST00000497524.5,0,,
APH1B,presenilin stabilization factor-like isoform 2,ENSG00000138613,83464,,75,87,99,0.94491,meyer,4183,4183,3,ENST00000261879.9,1,0,
ATP2A3,ATPase sarcoplasmic/endoplasmic reticulum Ca2+ transporting 3,ENSG00000074370,489,,98,98,121,0.014321,kegg,4804,4804,1,ENST00000309890.11,1,0,
ATP2B2,ATPase plasma membrane Ca2+ transporting 2,ENSG00000157087,491,,0,0,0,0.008337,kegg,9079,9079,,ENST00000460129.5,0,,
ATP2B3,ATPase plasma membrane Ca2+ transporting 3,ENSG00000067842,492,,0,0,0,0,kegg,4259,6721,,ENST00000349466.6,0,,
ATP2C2,"ATPase, Ca++ transporting, type 2C, member 2",ENSG00000064270,9914,,24,34,34,0.083742,meyer,1490,3575,2,ENST00000624933.1,0,,
AVPR1A,arginine vasopressin receptor 1A,ENSG00000166148,552,,0,0,0,0,kegg,5961,5961,,ENST00000299178.3,0,,
AVPR1B,arginine vasopressin receptor 1B,ENSG00000198049,553,,0,0,0,0,kegg,2235,2235,,ENST00000367126.4,0,,
BDKRB1,bradykinin receptor B1,ENSG00000100739,623,,0,29,51,2.357439,kegg,1084,1684,3,ENST00000611804.1,0,,
BDKRB2,bradykinin receptor B2,ENSG00000168398,624,,64,112,204,2.248522,kegg,4037,6842,3,ENST00000554311.1,1,0,
BEST2,vitelliform macular dystrophy 2-like 1,ENSG00000039987,54831,,38,38,53,0.298861,meyer,1899,2173,3,ENST00000042931.1,0,,
BEST3,vitelliform macular dystrophy 2-like 3 isoform 2,ENSG00000127325,144453,,14,87,95,0.011606,meyer,3522,3522,3,ENST00000330891.9,1,0,
BEST4,bestrophin 4,ENSG00000142959,266675,,0,0,0,0,meyer,2038,2038,,ENST00000372207.3,0,,
CABP1,calcium binding protein 1 isoform 3,ENSG00000157782,9478,,0,0,0,0,meyer,1652,3046,,ENST00000316803.7,0,,
CABP2,calcium binding protein 2 isoform 2,ENSG00000167791,51475,,0,0,0,0,meyer,783,953,,ENST00000353903.9,0,,
CACNA1A,calcium voltage-gated channel subunit alpha1 A,ENSG00000141837,773,,0,0,0,0.002974,kegg,1974,8618,,ENST00000637475.1,0,,
CACNA1B,calcium voltage-gated channel subunit alpha1 B,ENSG00000148408,774,,0,0,0,0,kegg,7112,9743,,ENST00000277549.9,0,,
CACNA1C,calcium voltage-gated channel subunit alpha1 C,ENSG00000151067,775,,0,0,0,0,kegg,575,13386,,ENST00000543114.1,0,,
CACNA1D,calcium voltage-gated channel subunit alpha1 D,ENSG00000157388,776,,0,0,0,0,kegg,6809,9292,,ENST00000637424.1,0,,
CACNA1E,calcium voltage-gated channel subunit alpha1 E,ENSG00000198216,777,,0,0,0,0.002179,kegg,16125,16125,,ENST00000621791.4,0,,
CACNA1F,calcium voltage-gated channel subunit alpha1 F,ENSG00000102001,778,,0,0,0,0,kegg,5765,6022,,ENST00000376251.5,0,,
CACNA1G,calcium voltage-gated channel subunit alpha1 G,ENSG00000006283,8913,,0,0,0,0,kegg,7462,8102,,ENST00000360761.8,0,,
CACNA1H,calcium voltage-gated channel subunit alpha1 H,ENSG00000196557,8912,,0,0,0,0,kegg,8173,8173,,ENST00000348261.10,0,,
CACNA1I,calcium voltage-gated channel subunit alpha1 I,ENSG00000100346,8911,,0,0,0,0.005201,kegg,9967,9967,,ENST00000402142.3,0,,
CACNA1S,calcium voltage-gated channel subunit alpha1 S,ENSG00000081248,779,,0,0,0,0,kegg,5953,6122,,ENST00000367338.7,0,,
CALML5,calmodulin like 5,ENSG00000178372,51806,,13,13,15,0.339937,kegg,858,858,2,ENST00000380332.4,0,,
CALML6,calmodulin like 6,ENSG00000169885,163688,,0,0,0,0,kegg,1095,1879,,ENST00000307786.7,0,,
CAMK1G,calcium/calmodulin-dependent protein kinase IG,ENSG00000008118,57172,,75,75,81,0.017988,meyer,2599,2599,2,ENST00000009105.5,1,0,
CAMK2A,calcium/calmodulin dependent protein kinase II alpha,ENSG00000070808,815,,0,0,0,0,kegg,5304,5304,,ENST00000348628.10,0,,
CAMKV,CaM kinase-like vesicle-associated,ENSG00000164076,79012,,0,0,0,0,meyer,3147,3303,,ENST00000475665.5,0,,
CAPN10,calpain 10 isoform h,ENSG00000142330,11132,,1,45,112,0.983984,meyer,2441,4397,3,ENST00000270361.15,1,0,
CAPN11,calpain 11,ENSG00000137225,11131,,78,78,84,0.012874,meyer,2705,2705,3,ENST00000398776.1,1,0,
CAPN12,calpain 12,ENSG00000182472,147968,,3,18,18,0.02889,meyer,891,2741,,ENST00000597987.5,0,,
CAPN13,calpain 13,ENSG00000162949,92291,,0,0,0,0,meyer,2317,2660,,ENST00000450650.5,0,,
CAPN14,calpain 14,ENSG00000214711,440854,,95,95,105,0.033963,meyer,3765,3765,3,ENST00000398824.6,1,0,
CAPN3,calpain 3 isoform a,ENSG00000092529,825,,2,2,2,0.012258,meyer,1630,3204,,ENST00000397200.8,0,,
CAPN5,calpain 5,ENSG00000149260,726,,106,106,121,0.136836,meyer,4384,4384,2,ENST00000278559.7,1,0,
CAPN6,calpain 6,ENSG00000077274,827,,102,102,105,0.095074,meyer,3555,3555,2,ENST00000324068.1,1,0,
CAPN7,calpain 7,ENSG00000131375,23473,,41,61,83,5.294045,meyer,4332,4332,3,ENST00000253693.6,1,0,
CAPN8,calpain 8,ENSG00000203697,388743,,53,70,77,0.158159,meyer,2586,2586,2,ENST00000366873.6,1,0,
CAPN9,calpain 9 isoform 1,ENSG00000135773,10753,,0,0,0,0,meyer,2342,2465,,ENST00000271971.6,0,,
CAPNS2,calpain small subunit 2,ENSG00000256812,84290,,28,28,28,0.228793,meyer,1015,1015,2,ENST00000457326.2,0,,
CAPS,calcyphosine isoform a,ENSG00000105519,828,,54,58,101,0.336923,meyer,3745,3745,2,ENST00000588776.6,1,0,
CAPS2,calcyphosine 2,ENSG00000180881,84698,,10,11,57,0.258593,meyer,544,3813,3,ENST00000547320.1,0,,
CAPSL,calcyphosine-like,ENSG00000152611,133690,,0,0,0,0,meyer,999,999,,ENST00000397367.6,0,,
CASQ1,calsequestrin 1,ENSG00000143318,844,,0,0,0,0,meyer,1886,1886,,ENST00000368078.7,0,,
CASQ2,cardiac calsequestrin 2 precursor,ENSG00000118729,845,,0,0,0,0,meyer,2663,2663,,ENST00000261448.5,0,,
CASR,calcium-sensing receptor precursor,ENSG00000036828,846,,0,0,0,0,meyer,,5004,,ENST00000639785.1,0,,
CBY3,chibby homolog 3,ENSG00000204659,646019,,11,11,15,0.044889,meyer,783,783,3,ENST00000376974.4,0,,
CCKAR,cholecystokinin A receptor,ENSG00000163394,886,,0,0,0,0,kegg,1715,1715,,ENST00000295589.3,0,,
CCKBR,cholecystokinin B receptor,ENSG00000110148,887,,0,0,0,0,kegg,2116,2134,,ENST00000334619.6,0,,
CCNG2,cyclin G2,ENSG00000138764,901,,3,27,110,5.223351,ND,1403,5518,9,ENST00000395640.5,1,0,
CD38,CD38 molecule,ENSG00000004468,952,,0,0,0,0,kegg,1553,5660,,ENST00000502843.5,0,,
CERKL,ceramide kinase-like isoform a,ENSG00000188452,375298,,0,0,0,0.008899,meyer,3195,3195,,ENST00000410087.7,0,,
CHP1,calcium binding protein P22,ENSG00000187446,11261,,70,70,88,35.076221,meyer,3322,3322,3,ENST00000334660.9,1,0,
CHP2,hepatocellular carcinoma antigen gene 520,ENSG00000166869,63928,,0,0,0,0,meyer,2375,2375,,ENST00000300113.2,0,,
CHRM1,cholinergic receptor muscarinic 1,ENSG00000168539,1128,,67,67,82,0.011889,kegg,2962,2962,3,ENST00000306960.3,1,0,
CHRM2,cholinergic receptor muscarinic 2,ENSG00000181072,1129,,0,0,0,0,kegg,5915,5915,,ENST00000445907.6,0,,
CHRM3,cholinergic receptor muscarinic 3,ENSG00000133019,1131,,0,0,0,0.001338,kegg,8775,8775,,ENST00000255380.8,0,,
CHRM5,cholinergic receptor muscarinic 5,ENSG00000184984,1133,,0,0,0,0.003257,kegg,5407,5407,,ENST00000383263.6,0,,
CPPED1,calcineurin-like phosphoesterase domain containing 1 isoform b,ENSG00000103381,55313,,0,0,0,0.005542,meyer,6269,6269,,ENST00000381774.8,0,,
CRACR2A,EF-hand calcium binding domain 4B isoform c,ENSG00000130038,84766,,0,0,0,0.002687,meyer,2175,7552,,ENST00000252322.1,0,,
CRACR2B,EF-hand calcium binding domain 4A,ENSG00000177685,283229,,1,13,42,0.170885,meyer,821,2438,,ENST00000527089.5,0,,
CYSLTR1,cysteinyl leukotriene receptor 1,ENSG00000173198,10800,,0,0,0,0,kegg,2573,3032,,ENST00000373304.3,0,,
CYSLTR2,cysteinyl leukotriene receptor 2,ENSG00000152207,57105,,0,0,0,0,kegg,1903,4671,,ENST00000614739.4,0,,
DCLK1,doublecortin-like kinase 1,ENSG00000133083,9201,,158,159,178,0.058066,meyer,7990,7990,2,ENST00000360631.7,1,0,
DCLK2,doublecortin-like kinase 2 isoform b,ENSG00000170390,166614,,87,87,96,0.030102,meyer,4249,4249,2,ENST00000296550.11,1,0,
DCLK3,doublecortin-like kinase 3,ENSG00000163673,85443,,0,0,0,0,meyer,5339,5441,,ENST00000416516.2,0,,
DGKB,"diacylglycerol kinase, beta isoform 2",ENSG00000136267,1607,,0,0,0,0,meyer,6659,6891,,ENST00000399322.7,0,,
DGKG,diacylglycerol kinase gamma isoform 2,ENSG00000058866,1608,,1,4,4,0.064161,meyer,291,6030,,ENST00000447054.5,0,,
DGKI,"diacylglycerol kinase, iota",ENSG00000157680,9162,,14,14,14,0.018071,meyer,648,12895,3,ENST00000475388.1,0,,
DGKK,diacylglycerol kinase kappa,ENSG00000274588,139189,,0,0,0,0,meyer,7379,7379,,ENST00000611977.1,0,,
DRD1,dopamine receptor D1,ENSG00000184845,1812,,0,0,0,0,kegg,4052,4052,,ENST00000393752.2,0,,
DRD5,dopamine receptor D5,ENSG00000169676,1816,,50,50,57,0.015124,kegg,2329,2329,3,ENST00000304374.3,0,,
DUOX2,dual oxidase 2 precursor,ENSG00000140279,50506,,148,148,148,0.063421,meyer,6499,6624,2,ENST00000389039.10,1,0,
DYSF,dysferlin isoform 1,ENSG00000135636,8291,,164,175,198,0.19925,meyer,6741,6741,3,ENST00000258104.7,1,0,
EDF1,endothelial differentiation-related factor 1 isoform alpha,ENSG00000107223,8721,,1,14,22,121.227219,meyer,635,805,3,ENST00000224073.5,0,,
EDNRA,endothelin receptor type A,ENSG00000151617,1909,,0,0,0,0.002841,kegg,4127,4127,,ENST00000324300.9,0,,
EDNRB,endothelin receptor type B,ENSG00000136160,1910,,0,0,0,0,kegg,4463,4463,,ENST00000377211.8,0,,
EFCAB1,EF-hand calcium binding domain 1 isoform b,ENSG00000034239,79645,,30,39,40,0.027209,meyer,2045,2280,3,ENST00000262103.7,0,,
EFCAB2,EF-hand calcium binding domain 2 isoform b,ENSG00000203666,84288,,6,16,165,1.156177,meyer,1225,6159,3,ENST00000366523.5,1,0,
EFCAB3,EF-hand calcium binding domain 3 isoform a,ENSG00000172421,146779,,0,0,0,0,meyer,1086,1835,,ENST00000635817.1,0,,
EFCAB5,EF-hand calcium binding domain 5 isoform b,ENSG00000176927,374786,,3,10,10,0.045919,meyer,562,5109,,ENST00000448319.5,0,,
EFCAB6,CAP-binding protein complex interacting protein 1 isoform b,ENSG00000186976,64800,,0,0,0,0,meyer,1245,5107,,ENST00000461800.5,0,,
EFCAB7,EF-hand calcium binding domain 7,ENSG00000203965,84455,,37,37,51,2.723403,meyer,2299,3790,3,ENST00000371088.4,0,,
EFCAB8,EF-hand calcium binding domain 8,ENSG00000215529,388795,,0,0,0,0,meyer,3934,3934,,ENST00000400522.8,0,,
EGFR,epidermal growth factor receptor,ENSG00000146648,1956,,236,236,249,38.580318,kegg,9793,9793,3,ENST00000275493.6,1,0,
ENKUR,enkurin,ENSG00000151023,219670,,12,63,70,0.030089,meyer,3376,3376,3,ENST00000331161.8,1,0,
ERBB2,erb-b2 receptor tyrosine kinase 2,ENSG00000141736,2064,,88,22,145,8.691676,kegg,1024,5891,3,ENST00000578373.5,1,0,
ERBB3,erb-b2 receptor tyrosine kinase 3,ENSG00000065361,2065,,8,0,175,0.596481,kegg,11673,12108,3,ENST00000411731.6,1,0,
ERBB4,erb-b2 receptor tyrosine kinase 4,ENSG00000178568,2066,,0,0,0,0,kegg,1715,1715,,ENST00000402597.6,0,,
F2R,coagulation factor II thrombin receptor,ENSG00000181104,2149,,64,64,77,3.066645,kegg,3819,3819,3,ENST00000319211.4,1,0,
FER1L5,fer-1-like 5 isoform 2,ENSG00000249715,90342,,0,0,0,0,meyer,3513,6458,,ENST00000505256.6,0,,
FER1L6,fer-1-like 6,ENSG00000214814,654463,,0,0,0,0.002912,meyer,6010,6010,,ENST00000522917.5,0,,
FRMD3,FERM domain containing 3,ENSG00000172159,257019,,94,94,107,0.089575,meyer,5283,5283,2,ENST00000304195.7,1,0,
GNA14,G protein subunit alpha 14,ENSG00000156049,9630,,0,0,0,0.004732,kegg,2475,2475,,ENST00000341700.6,0,,
GNAL,G protein subunit alpha L,ENSG00000141404,2774,,116,116,146,0.239883,kegg,6523,6523,1,ENST00000334049.10,1,0,
GNAS,GNAS complex locus,ENSG00000087460,2778,,13,37,97,195.907394,kegg,1522,4016,3,ENST00000480975.5,1,0,
GRIN1,glutamate ionotropic receptor NMDA type subunit 1,ENSG00000176884,2902,,5,77,77,0.017675,kegg,3730,5129,,ENST00000371553.7,1,0,
GRIN2A,glutamate ionotropic receptor NMDA type subunit 2A,ENSG00000183454,2903,,0,0,0,0,kegg,14436,14436,,ENST00000396573.6,0,,
GRIN2C,glutamate ionotropic receptor NMDA type subunit 2C,ENSG00000161509,2905,,65,65,65,0.017798,kegg,4248,6507,3,ENST00000293190.9,1,0,
GRIN2D,glutamate ionotropic receptor NMDA type subunit 2D,ENSG00000105464,2906,,71,71,89,0.634971,kegg,5080,5080,3,ENST00000263269.3,1,0,
GRM1,glutamate metabotropic receptor 1,ENSG00000152822,2911,,0,0,0,0,kegg,1512,6826,,ENST00000507005.1,0,,
GRM5,glutamate metabotropic receptor 5,ENSG00000168959,2915,,0,0,0,0,kegg,7918,7918,,ENST00000455756.6,0,,
GRPR,gastrin releasing peptide receptor,ENSG00000126010,2925,,0,0,0,0,kegg,1926,1926,,ENST00000380289.2,0,,
HPCA,hippocalcin,ENSG00000121905,3208,,12,12,12,0.04331,meyer,501,1464,3,ENST00000470896.1,0,,
HPCAL1,hippocalcin-like 1,ENSG00000115756,3241,,34,34,133,43.018234,meyer,1746,4773,3,ENST00000307845.7,1,0,
HPCAL4,hippocalcin-like protein 4,ENSG00000116983,51440,,115,115,131,0.011828,meyer,4852,4852,3,ENST00000372844.7,1,0,
HRH1,histamine receptor H1,ENSG00000196639,3269,,64,64,131,0.583228,kegg,2078,4708,9,ENST00000438284.2,1,0,
HRH2,histamine receptor H2,ENSG00000113749,3274,,0,0,0,0,kegg,2558,4222,,ENST00000377291.2,0,,
HTR2A,5-hydroxytryptamine receptor 2A,ENSG00000102468,3356,,0,0,0,0,kegg,4832,5425,,ENST00000378688.8,0,,
HTR2B,5-hydroxytryptamine receptor 2B,ENSG00000135914,3357,,0,0,0,0,kegg,2242,2242,,ENST00000258400.3,0,,
HTR2C,5-hydroxytryptamine receptor 2C,ENSG00000147246,3358,,0,0,0,0,kegg,3281,4745,,ENST00000371951.5,0,,
HTR4,5-hydroxytryptamine receptor 4,ENSG00000164270,3360,,0,0,0,0,kegg,1317,3074,,ENST00000521530.5,0,,
HTR5A,5-hydroxytryptamine receptor 5A,ENSG00000157219,3361,,0,0,0,0,kegg,2910,2910,,ENST00000287907.2,0,,
HTR6,5-hydroxytryptamine receptor 6,ENSG00000158748,3362,,0,0,0,0,kegg,1981,1981,,ENST00000289753.1,0,,
HTR7,5-hydroxytryptamine receptor 7,ENSG00000148680,3363,,1,71,80,1.429776,kegg,3030,3122,3,ENST00000371719.2,1,0,
ITPRIPL1,"inositol 1,4,5-triphosphate receptor interacting protein-like 1 isoform 2",ENSG00000198885,150771,,0,0,0,0.001285,meyer,4294,4294,,ENST00000361124.5,0,,
ITSN1,intersectin 1 isoform ITSN-s,ENSG00000205726,6453,,39,125,125,4.680471,meyer,5407,16975,3,ENST00000381291.8,1,0,
ITSN2,intersectin 2 isoform 2,ENSG00000198399,50618,,125,133,160,2.898441,meyer,5766,6260,3,ENST00000622089.4,1,0,
LETM1,leucine zipper-EF-hand containing transmembrane protein 1 precursor,ENSG00000168924,3954,,117,117,142,25.261288,meyer,5448,5448,3,ENST00000302787.2,1,0,
LETM2,leucine zipper-EF-hand containing transmembrane protein 2,ENSG00000165046,137994,,2,18,72,8.720916,meyer,646,2734,3,ENST00000530448.5,1,0,
LETMD1,LETM1 domain containing 1 isoform 1,ENSG00000050426,25875,,15,43,81,5.859188,meyer,1475,2947,3,ENST00000550100.5,1,0,
LHCGR,luteinizing hormone/choriogonadotropin receptor,ENSG00000138039,3973,,0,0,0,0,kegg,3033,3033,,ENST00000294954.11,0,,
LTB4R2,leukotriene B4 receptor 2,ENSG00000213906,56413,,41,58,78,0.958839,kegg,3091,3091,9,ENST00000528054.1,1,0,
MCTP1,"multiple C2 domains, transmembrane 1 isoform L",ENSG00000175471,79772,,1,63,94,0.543884,meyer,3139,5373,3,ENST00000429576.6,1,0,
MICU3,"EF-hand domain family, member A2",ENSG00000155970,286097,,0,0,0,0,meyer,3977,3977,,ENST00000318063.9,0,,
MYLK,myosin light chain kinase,ENSG00000065534,4638,,2,16,256,0.061734,kegg,563,9993,,ENST00000510571.1,1,0,
MYLK2,myosin light chain kinase 2,ENSG00000101306,85366,,72,72,84,0.043074,kegg,2944,2944,3,ENST00000375994.6,1,0,
MYLK3,myosin light chain kinase 3,ENSG00000140795,91807,,0,0,0,0.004317,kegg,6898,6898,,ENST00000394809.8,0,,
MYLK4,myosin light chain kinase family member 4,ENSG00000145949,340156,,139,139,155,0.115285,kegg,5793,5793,3,ENST00000274643.8,1,0,
MYO9A,myosin IXA,ENSG00000066933,4649,,79,274,295,1.112779,meyer,12369,12369,3,ENST00000356056.9,1,0,
MYOF,myoferlin isoform a,ENSG00000138119,26509,,3,181,193,28.161112,meyer,6665,6665,3,ENST00000359263.8,1,0,
NCALD,neurocalcin delta,ENSG00000104490,83988,,0,0,0,0.006169,meyer,3802,3802,,ENST00000395923.5,0,,
NOS1,nitric oxide synthase 1,ENSG00000089250,4842,,0,0,0,0,kegg,12129,12253,,ENST00000317775.10,0,,
NOS2,nitric oxide synthase 2,ENSG00000007171,4843,,0,0,0,0,kegg,4149,4149,,ENST00000313735.10,0,,
NOS3,nitric oxide synthase 3,ENSG00000164867,4846,,7,21,104,0.04222,kegg,1136,4361,,ENST00000475017.1,1,0,
NPAT,"nuclear protein, coactivator of histone transcription",ENSG00000149308,4863,,99,99,116,3.374019,G1/S,6099,6099,1,ENST00000278612.8,1,0,
NPC1,"Niemann-Pick disease, type C1 precursor",ENSG00000141458,4864,,43,131,145,6.954327,meyer,5132,5132,3,ENST00000269228.9,1,0,
NPC1L1,Niemann-Pick C1-like protein 1 isoform 1 precursor,ENSG00000015520,29881,,0,0,0,0.004584,meyer,5028,5028,,ENST00000289547.8,0,,
NPC2,epididymal secretory protein E1 precursor,ENSG00000119655,10577,,20,20,37,100.331223,meyer,791,1432,3,ENST00000238633.6,0,,
NTSR1,neurotensin receptor 1 (high affinity),ENSG00000101188,4923,,74,74,91,1.956156,kegg,4128,4128,3,ENST00000370501.3,1,0,
NUCB2,nucleobindin 2 precursor,ENSG00000070081,4925,,1,29,84,4.138134,meyer,1892,3253,3,ENST00000323688.10,1,0,
OTOF,otoferlin isoform d,ENSG00000115155,9381,,0,0,0,0,meyer,4924,7109,,ENST00000338581.10,0,,
OXTR,oxytocin receptor,ENSG00000180914,5021,,68,68,85,0.139968,kegg,4360,4360,3,ENST00000316793.7,1,0,
P2RX1,purinergic receptor P2X 1,ENSG00000108405,5023,,0,0,0,0,kegg,2934,2934,,ENST00000572418.1,0,,
P2RX2,purinergic receptor P2X 2,ENSG00000187848,22953,,0,0,0,0,kegg,1856,1871,,ENST00000389110.7,0,,
P2RX3,purinergic receptor P2X 3,ENSG00000109991,5024,,0,0,0,0,kegg,466,1819,,ENST00000533436.1,0,,
P2RX6,purinergic receptor P2X 6,ENSG00000099957,9127,,0,0,0,0,kegg,239,3675,,ENST00000591411.5,0,,
P2RX7,purinergic receptor P2X 7,ENSG00000089041,5027,,110,110,140,0.025976,kegg,5148,5148,2,ENST00000328963.9,1,0,
PARL,"presenilin associated, rhomboid-like isoform 2 preproprotein",ENSG00000175193,55486,,6,37,38,8.751851,meyer,,1404,3,ENST00000639900.1,0,,
PDE1A,phosphodiesterase 1A,ENSG00000115252,5136,,80,80,91,0.01195,kegg,4870,4870,3,ENST00000435564.5,1,0,
PDE1B,phosphodiesterase 1B,ENSG00000123360,5153,,0,0,0,0.002481,kegg,4725,4725,,ENST00000548855.5,0,,
PDE1C,phosphodiesterase 1C,ENSG00000154678,5137,,0,0,0,0.006897,kegg,5090,8834,,ENST00000396193.5,0,,
PDGFRA,platelet derived growth factor receptor alpha,ENSG00000134853,5156,,0,0,0,0,kegg,6553,6553,,ENST00000257290.9,0,,
PDGFRB,platelet derived growth factor receptor beta,ENSG00000113721,5159,,144,144,163,0.052423,kegg,5694,5694,3,ENST00000261799.8,1,0,
PEF1,penta-EF-hand domain containing 1,ENSG00000162517,553115,,45,45,50,22.996759,meyer,1624,1624,3,ENST00000373703.4,0,,
PHKA1,phosphorylase kinase regulatory subunit alpha 1,ENSG00000067177,5255,,147,148,148,4.47383,kegg,5988,6141,3,ENST00000373542.8,1,0,
PHKA2,phosphorylase kinase regulatory subunit alpha 2,ENSG00000044446,5256,,112,144,157,2.506627,kegg,5526,5526,2,ENST00000379942.4,1,0,
PHKB,phosphorylase kinase regulatory subunit beta,ENSG00000102893,5257,,31,94,127,9.180115,kegg,3797,5433,3,ENST00000566044.5,1,0,
PHKG1,phosphorylase kinase catalytic subunit gamma 1,ENSG00000164776,5260,,52,52,68,0.124542,kegg,2215,2215,3,ENST00000452681.6,1,0,
PHKG2,phosphorylase kinase catalytic subunit gamma 2,ENSG00000156873,5261,,33,39,160,4.676987,kegg,1526,5529,3,ENST00000328273.11,1,0,
PIP5K1B,"phosphatidylinositol-4-phosphate 5-kinase, type I, beta isoform 2",ENSG00000107242,8395,,0,0,0,0.00877,meyer,3314,3314,,ENST00000478500.3,0,,
PIP5KL1,phosphatidylinositol-4-phosphate 5-kinase-like 1 isoform 1,ENSG00000167103,138429,,2,19,48,0.304665,meyer,1099,2188,,ENST00000300432.3,0,,
PKD1L1,polycystin-1L1,ENSG00000158683,168507,,0,0,0,0,meyer,9035,9035,,ENST00000289672.6,0,,
PKD1L2,polycystin 1-like 2 isoform c,ENSG00000166473,114780,,0,0,0,0.002248,meyer,5793,7336,,ENST00000299598.11,0,,
PKD2L1,polycystic kidney disease 2-like 1,ENSG00000107593,9033,,0,0,0,0,meyer,3027,3027,,ENST00000318222.3,0,,
PKD2L2,polycystic kidney disease 2-like 2,ENSG00000078795,27039,,30,30,39,0.010571,meyer,2320,2320,3,ENST00000508638.5,0,,
PKDREJ,receptor for egg jelly-like protein precursor,ENSG00000130943,10343,,167,167,189,0.014383,meyer,7692,7692,3,ENST00000253255.6,1,0,
PLCB1,phospholipase C beta 1,ENSG00000182621,23236,,0,0,0,0,kegg,5041,7290,,ENST00000637919.1,0,,
PLCB4,phospholipase C beta 4,ENSG00000101333,5332,,0,0,0,0,kegg,607,5797,,ENST00000407043.6,0,,
PLCD1,phospholipase C delta 1,ENSG00000187091,5333,,3,17,17,0.439794,kegg,683,3259,,ENST00000417185.6,0,,
PLCD4,phospholipase C delta 4,ENSG00000115556,84812,,3,23,126,0.279334,kegg,758,4342,,ENST00000484718.1,1,0,
PLCL1,phospholipase C-like 1,ENSG00000115896,5334,,0,0,0,0,meyer,5119,6658,,ENST00000428675.5,0,,
PLCL2,phospholipase C-like 2 isoform 1,ENSG00000154822,23228,,0,0,0,0.002832,meyer,4141,4141,,ENST00000615277.4,0,,
PLCXD2,"phosphatidylinositol-specific phospholipase C, X domain containing 2 isoform b",ENSG00000240891,257068,,178,178,192,0.299592,meyer,7706,7706,1,ENST00000636933.1,1,0,
PLCXD3,"phosphatidylinositol-specific phospholipase C, X domain containing 3",ENSG00000182836,345557,,0,0,0,0,meyer,7701,7701,,ENST00000377801.7,0,,
PLCZ1,phospholipase C zeta 1,ENSG00000139151,89869,,0,0,0,0,kegg,371,2133,,ENST00000536023.1,0,,
PLEKHH1,"pleckstrin homology domain containing, family H (with MyTH4 domain) member 1",ENSG00000054690,57475,,39,168,188,0.387227,meyer,6575,6575,2,ENST00000329153.9,1,0,
PLEKHH2,"pleckstrin homology domain containing, family H (with MyTH4 domain) member 2",ENSG00000152527,130271,,2,13,158,0.066444,meyer,535,6951,,ENST00000493408.2,1,0,
PLEKHH3,"pleckstrin homology domain containing, family H (with MyTH4 domain) member 3 precursor",ENSG00000068137,79990,,1,37,88,2.548568,meyer,2974,4328,2,ENST00000293349.10,1,0,
PLN,phospholamban,ENSG00000198523,5350,,0,0,0,0,kegg,1999,1999,,ENST00000357525.5,0,,
PLPP3,phosphatidic acid phosphatase type 2B,ENSG00000162407,8613,,75,75,86,0.388692,meyer,3286,3286,1,ENST00000371250.3,1,0,
PLPP4,phosphatidic acid phosphatase type 2 domain containing 1A,ENSG00000203805,196051,,0,0,0,0,meyer,1514,1514,,ENST00000398250.5,0,,
PLPP7,phosphatidic acid phosphatase type 2 domain containing 3,ENSG00000160539,84814,,0,0,0,0,meyer,2093,2093,,ENST00000372264.3,0,,
PMPCA,peptidase (mitochondrial processing) alpha precursor,ENSG00000165688,23203,,49,49,87,31.388586,meyer,2161,3336,3,ENST00000371717.7,1,0,
PNCK,pregnancy upregulated non-ubiquitously expressed CaM kinase isoform a,ENSG00000130822,139728,,8,8,8,0.049709,meyer,494,2135,,ENST00000458354.5,0,,
PPEF1,protein phosphatase with EF hand calcium-binding domain 1 isoform 1b,ENSG00000086717,5475,,74,74,79,0.024345,meyer,2871,2871,3,ENST00000361511.8,1,0,
PPEF2,serine/threonine protein phosphatase with EF-hand motifs 2,ENSG00000156194,5470,,0,0,0,0,meyer,4145,4145,,ENST00000511880.7,0,,
PPIF,peptidylprolyl isomerase F,ENSG00000108179,10105,,55,55,59,65.086143,kegg,2184,2184,3,ENST00000225174.7,0,,
PPM1E,protein phosphatase 1E,ENSG00000175175,22843,,0,0,0,0.005552,meyer,6535,6535,,ENST00000308249.3,0,,
PPM1H,protein phosphatase 1H (PP2C domain containing),ENSG00000111110,57460,,154,154,167,0.05604,meyer,6343,6343,2,ENST00000228705.6,1,0,
PPM1L,protein phosphatase 1 (formerly 2C)-like,ENSG00000163590,151742,,182,182,215,0.452174,meyer,10930,10930,3,ENST00000498165.5,1,0,
PPM1M,protein phosphatase 1M isoform a,ENSG00000164088,132160,,0,57,74,0.219069,meyer,2183,2420,1,ENST00000323588.8,1,0,
PPP3R2,"protein phosphatase 3 regulatory subunit B, beta",ENSG00000188386,5535,,0,0,0,0,kegg,3386,3386,,ENST00000374806.1,0,,
PRKACA,protein kinase cAMP-activated catalytic subunit alpha,ENSG00000072062,5566,,40,85,87,8.480074,kegg,3095,3095,3,ENST00000350356.7,1,0,
PRKACB,protein kinase cAMP-activated catalytic subunit beta,ENSG00000142875,5567,,66,66,77,2.316167,kegg,4197,4503,3,ENST00000610457.1,1,0,
PRKACG,protein kinase cAMP-activated catalytic subunit gamma,ENSG00000165059,5568,,0,0,0,0,kegg,1584,1584,,ENST00000377276.4,0,,
PRKCB,protein kinase C beta,ENSG00000166501,5579,,0,0,0,0.008741,kegg,7952,7952,,ENST00000303531.11,0,,
PRKCG,protein kinase C gamma,ENSG00000126583,5582,,0,0,0,0,kegg,565,3115,,ENST00000479081.5,0,,
PRKD1,protein kinase D1,ENSG00000184304,5587,,76,86,93,0.196815,meyer,3708,3708,2,ENST00000331968.9,1,0,
PSEN1,presenilin 1 isoform I-463,ENSG00000080815,5663,,13,80,155,9.262045,meyer,3034,6066,3,ENST00000394164.5,1,0,
PSEN2,presenilin 2 isoform 2,ENSG00000143801,5664,,14,68,74,10.240426,meyer,2452,2452,3,ENST00000366782.5,1,0,
PSENEN,presenilin enhancer 2,ENSG00000205155,55851,,26,41,42,13.095641,meyer,1657,1657,3,ENST00000587708.6,0,,
PTAFR,platelet activating factor receptor,ENSG00000169403,5724,,64,108,135,3.371873,kegg,4188,4489,3,ENST00000539896.1,1,0,
PTGER1,prostaglandin E receptor 1,ENSG00000160951,5731,,0,0,0,0,kegg,1418,1418,,ENST00000292513.3,0,,
PTGER3,prostaglandin E receptor 3,ENSG00000050628,5733,,0,0,0,0.001682,kegg,6980,6980,,ENST00000370924.4,0,,
PTGFR,prostaglandin F receptor,ENSG00000122420,5737,,62,62,77,0.091936,kegg,4446,4446,3,ENST00000370756.3,1,0,
PTK2B,protein tyrosine kinase 2 beta,ENSG00000120899,2185,,24,133,140,10.048185,kegg,4683,4683,3,ENST00000397501.5,1,0,
RAB6KIFL,kinesin family member 20A,ENSG00000112984,10112,,0,0,0,42.219078,NM,2915,3182,3,ENST00000508792.5,0,,
RACGAP1,Rac GTPase activating protein 1,ENSG00000161800,29127,,0,63,63,18.39926,NM,2177,3210,3,ENST00000551016.5,0,,
RCAN2,Down syndrome critical region gene 1-like 1 protein,ENSG00000172348,10231,,0,0,0,0,meyer,3184,3322,,ENST00000330430.10,0,,
RCN3,"reticulocalbin 3, EF-hand calcium binding domain precursor",ENSG00000142552,57333,,31,31,38,0.075316,meyer,1852,1852,3,ENST00000270645.7,0,,
RHBDL1,rhomboid protease 1,ENSG00000103269,9028,,23,23,29,0.249236,meyer,1560,1560,2,ENST00000450775.2,0,,
RHBDL3,rhomboid protease 3,ENSG00000141314,162494,,0,0,0,0,meyer,1332,4652,,ENST00000578006.5,0,,
RHOT1,"ras homolog gene family, member T1 isoform 3",ENSG00000126858,55288,,1,11,69,4.088983,meyer,676,3276,3,ENST00000584692.1,1,0,
RHOT2,"ras homolog gene family, member T2",ENSG00000140983,89941,,0,18,84,5.450922,meyer,1007,3683,3,ENST00000565004.5,1,0,
RYR2,ryanodine receptor 2,ENSG00000198626,6262,,426,426,459,0.067368,kegg,16457,16457,2,ENST00000366574.6,1,1,
SLC24A2,"solute carrier family 24 (sodium/potassium/calcium exchanger), member 2 precursor",ENSG00000155886,25769,,0,0,0,0,meyer,10739,10739,,ENST00000341998.6,0,,
SLC24A3,"solute carrier family 24 (sodium/potassium/calcium exchanger), member 3 precursor",ENSG00000185052,57419,,97,97,106,0.017878,meyer,3912,3912,3,ENST00000328041.10,1,0,
SLC24A4,solute carrier family 24 member 4 isoform 1 precursor,ENSG00000140090,123041,,0,0,0,0.001223,meyer,9933,9933,,ENST00000532405.5,0,,
SLC24A5,"solute carrier family 24, member 5 precursor",ENSG00000188467,283652,,0,0,0,0,meyer,1888,2982,,ENST00000341459.7,0,,
SLC25A31,solute carrier family 25 member 31,ENSG00000151475,83447,,0,0,0,0,kegg,1835,1835,,ENST00000281154.5,0,,
SLC25A4,solute carrier family 25 member 4,ENSG00000151729,291,,102,102,110,10.87436,kegg,4436,4436,3,ENST00000281456.10,1,0,
SLC25A5,solute carrier family 25 member 5,ENSG00000005022,292,,32,32,34,339.618195,kegg,1270,1270,3,ENST00000317881.8,0,0,
SLC25A6,solute carrier family 25 member 6,ENSG00000169100,293,,0,35,44,171.994873,kegg,2058,2058,2,ENST00000381401.10,0,,
SLC8A1,solute carrier family 8 member A1,ENSG00000183023,6546,,362,362,413,0.014518,kegg,20979,20979,3,ENST00000406785.6,1,0,
SLC8A2,solute carrier family 8 member A2,ENSG00000118160,6543,,0,0,0,0,kegg,5224,5224,,ENST00000236877.10,0,,
SLC8A3,solute carrier family 8 member A3,ENSG00000100678,6547,,92,92,92,0.010199,kegg,3405,5260,3,ENST00000533541.1,1,0,
SLN,sarcolipin,ENSG00000170290,6588,,25,25,26,0.019447,meyer,903,903,3,ENST00000531293.1,0,,
SPERT,spermatid associated,ENSG00000174015,220082,,0,0,0,0,meyer,1610,1840,,ENST00000310521.5,0,,
SPHK1,sphingosine kinase 1,ENSG00000176170,8877,,2,33,55,1.670992,kegg,2132,2497,2,ENST00000323374.8,0,,
SPHK2,sphingosine kinase 2,ENSG00000063176,56848,,1,40,40,1.899909,kegg,2677,3079,2,ENST00000599748.5,0,,
TACR1,tachykinin receptor 1,ENSG00000115353,6869,,0,0,0,0,kegg,4954,4954,,ENST00000305249.9,0,,
TACR2,tachykinin receptor 2,ENSG00000075073,6865,,43,43,43,0.143773,kegg,1737,2078,3,ENST00000373307.5,0,,
TACR3,tachykinin receptor 3,ENSG00000169836,6870,,0,0,0,0,kegg,5185,5185,,ENST00000304883.2,0,,
TBXA2R,thromboxane A2 receptor,ENSG00000006638,6915,,29,29,57,0.017745,kegg,2605,2605,1,ENST00000375190.8,0,,
TNNC1,"troponin C1, slow skeletal and cardiac type",ENSG00000114854,7134,,0,0,0,0,kegg,708,723,,ENST00000232975.7,0,,
TNNC2,"troponin C2, fast skeletal type",ENSG00000101470,7125,,0,0,0,0,kegg,704,773,,ENST00000372555.7,0,,
TRDN,triadin,ENSG00000186439,10345,,0,0,0,0,meyer,4729,4729,,ENST00000334268.8,0,,
TRHR,thyrotropin releasing hormone receptor,ENSG00000174417,7201,,0,0,0,0,kegg,1657,1657,,ENST00000518632.1,0,,
TRPC3,"transient receptor potential cation channel, subfamily C, member 3 isoform b",ENSG00000138741,7222,,0,0,0,0,meyer,3664,3664,,ENST00000264811.9,0,,
TRPC4,"transient receptor potential cation channel, subfamily C, member 4 isoform beta",ENSG00000133107,7223,,0,0,0,0,meyer,4048,4048,,ENST00000379705.7,0,,
TRPC5,"transient receptor potential cation channel, subfamily C, member 5",ENSG00000072315,7224,,0,0,0,0,meyer,5828,5828,,ENST00000262839.2,0,,
TRPC6,"transient receptor potential cation channel, subfamily C, member 6",ENSG00000137672,7225,,0,0,0,0,meyer,4599,4599,,ENST00000344327.7,0,,
TRPC7,"transient receptor potential cation channel, subfamily C, member 7 isoform 1",ENSG00000069018,57113,,0,0,0,0,meyer,2975,2975,,ENST00000513104.5,0,,
VDAC3,voltage dependent anion channel 3,ENSG00000078668,7419,,18,34,35,109.237877,kegg,1345,1345,2,ENST00000022615.8,0,,